Grant Number,PI,Institution,FY,Cong Dist,Total Dollars,Award Start Date,Award End Date,Award_Duration_Years,Yearly Budget
3P20GM103432-23S2,"SEVILLE, ROBERT SCOTT",UNIVERSITY OF WYOMING,2024,WY-00,"$779,559 ",5/1/2024,4/30/2025,1,"$779,559 "
5P20GM103432-23,"SEVILLE, ROBERT SCOTT",UNIVERSITY OF WYOMING,2024,WY-00,"$3,418,046 ",5/1/2024,4/30/2026,2,"$1,709,023 "
5P20GM121310-08,"SUN, QIAN-QUAN",UNIVERSITY OF WYOMING,2024,WY-00,"$2,480,469 ",9/1/2017,7/31/2027,10,"$248,047 "
,,,,,"$6,678,074 ",,,,
